-- --------------------------------------------------------
-- Host:                         tipocervezafamiliacerveza127.0.0.1
-- Server version:               10.1.14-MariaDB - mariadb.org binary distribution
-- Server OS:                    Win64
-- HeidiSQL Version:             9.1.0.4867
-- --------------------------------------------------------
-- Inserts Catálogos

INSERT INTO `pais` (`id`, `descripcion`) VALUES
	(1, 'Costa Rica'),
	(2, 'Jamaica'),
	(3, 'Argentina'),
	(4, 'Inglaterra'),
	(5, 'Estados Unidos');
	
INSERT INTO `provincia` (`id`, `idPais`, `descripcion`) VALUES
	(1, 1, 'San José'),
	(2, 1, 'Alajuela'),
	(3, 1, 'Cartago'),
	(4, 1, 'Heredia'),
	(5, 1, 'Guanacaste'),
	(6, 1, 'Puntarenas'),
	(7, 1, 'Limón'),
	(8, 2, 'Kingston'),
	(9, 4, 'Londres'),
	(10, 4, 'Manchester'),
	(11, 3, 'Buenos Aires'),
	(12, 5, 'New York'),
	(13, 5, 'California');


INSERT INTO `canton` (`id`, `idProvincia`, `descripcion`) VALUES
	(1, 1, 'San José (Central)'),
	(2, 1, 'Escazú'),
	(3, 1, 'Desamparados'),
	(4, 1, 'Puriscal'),
	(5, 1, 'Tarrazú'),
	(6, 1, 'Aserrí'),
	(7, 1, 'Mora'),
	(8, 1, 'Goicoechea'),
	(9, 1, 'Santa Ana'),
	(10, 1, 'Alajuelita'),
	(11, 1, 'Vázquez de Coronado'),
	(12, 1, 'Acosta'),
	(13, 1, 'Tibás'),
	(14, 1, 'Moravia'),
	(15, 1, 'Montes de Oca'),
	(16, 1, 'Turrubares'),
	(17, 1, 'Dota'),
	(18, 1, 'Curridabat'),
	(19, 1, 'Pérez Zeledón'),
	(20, 1, 'León Cortés'),
	(21, 2, 'Alajuela (Central)'),
	(22, 2, 'San Ramón'),
	(23, 2, 'Grecia'),
	(24, 2, 'San Mateo'),
	(25, 2, 'Atenas'),
	(26, 2, 'Naranjo'),
	(27, 2, 'Palmares'),
	(28, 2, 'Poás'),
	(29, 2, 'Orotina'),
	(30, 2, 'San Carlos'),
	(31, 2, 'Alfaro Ruiz'),
	(32, 2, 'Valverde Vega'),
	(33, 2, 'Upala'),
	(34, 2, 'Los Chiles'),
	(35, 2, 'Guatuso'),
	(36, 3, 'Cartago (Central)'),
	(37, 3, 'Paraíso'),
	(38, 3, 'La Unión'),
	(39, 3, 'Jiménez'),
	(40, 3, 'Turrialba'),
	(41, 3, 'Alvarado'),
	(42, 3, 'Oreamuno'),
	(43, 3, 'El Guarco'),
	(44, 4, 'Heredia (Central)'),
	(45, 4, 'Barva'),
	(46, 4, 'Santo Domingo'),
	(47, 4, 'Santa Bárbara'),
	(48, 4, 'San Rafael'),
	(49, 4, 'San Isidro'),
	(50, 4, 'Belén'),
	(51, 4, 'Flores'),
	(52, 4, 'San Pablo'),
	(53, 4, 'Sarapiquí'),
	(54, 5, 'Liberia'),
	(55, 5, 'Nicoya'),
	(56, 5, 'Santa Cruz'),
	(57, 5, 'Bagaces'),
	(58, 5, 'Carrillo'),
	(59, 5, 'Cañas'),
	(60, 5, 'Abangares'),
	(61, 5, 'Tilarán'),
	(62, 5, 'Nandayure'),
	(63, 5, 'La Cruz'),
	(64, 5, 'Hojancha'),
	(65, 6, 'Puntarenas (Central)'),
	(66, 6, 'Esparza'),
	(67, 6, 'Buenos Aires'),
	(68, 6, 'Montes de Oro'),
	(69, 6, 'Osa'),
	(70, 6, 'Aguirre'),
	(71, 6, 'Golfito'),
	(72, 6, 'Coto Brus'),
	(73, 6, 'Parrita'),
	(74, 6, 'Corredores'),
	(75, 6, 'Garabito'),
	(76, 7, 'Limón (Central)'),
	(77, 7, 'Pococí'),
	(78, 7, 'Siquirres'),
	(79, 7, 'Talamanca'),
	(80, 7, 'Matina'),
	(81, 7, 'Guácimo'),
	(82, 8, 'Kingston'),
	(83, 9, 'Lambeth'),
	(84, 9, 'Westminister'),
	(85, 10, 'Trafford'),
	(86, 10, 'Stockport'),
	(87, 11, 'Buenos Aires'),
	(88, 12, 'Brooklyn'),
	(89, 12, 'Manhattan'),
	(90, 12, 'The Bronx'),
	(91, 13, 'Los Angeles');
	
INSERT INTO `distrito` (`id`, `idCanton`, `descripcion`) VALUES
	(NULL, 1, 'Carmen'),
	(NULL, 1, 'Merced'),
	(NULL, 1, 'Hospital'),
	(NULL, 1, 'Catedral'),
	(NULL, 1, 'Zapote'),
	(NULL, 1, 'San Francisco de Dos Ríos'),
	(NULL, 1, 'Uruca'),
	(NULL, 1, 'Mata Redonda'),
	(NULL, 1, 'Pavas'),
	(NULL, 1, 'Hatillo'),
	(NULL, 1, 'San Sebastián'),
	(NULL, 2, 'Escazú'),
	(NULL, 2, 'San Antonio'),
	(NULL, 2, 'San Rafael'),
	(NULL, 3, 'Desamparados'),
	(NULL, 3, 'San Miguel'),
	(NULL, 3, 'San Juan de Dios'),
	(NULL, 3, 'San Rafael Arriba'),
	(NULL, 3, 'San Antonio'),
	(NULL, 3, 'Frailes'),
	(NULL, 3, 'Patarrá'),
	(NULL, 3, 'San Cristobal'),
	(NULL, 3, 'Rosario'),
	(NULL, 3, 'Damas'),
	(NULL, 3, 'San Rafael Abajo'),
	(NULL, 3, 'Gravilias'),
	(NULL, 3, 'Los Guido'),
	(NULL, 4, 'Santiago'),
	(NULL, 4, 'Mercedes Sur'),
	(NULL, 4, 'Barbacoas'),
	(NULL, 4, 'Grifo Alto'),
	(NULL, 4, 'San Rafael'),
	(NULL, 4, 'Candelaria'),
	(NULL, 4, 'Desamparaditos'),
	(NULL, 4, 'San Antonio'),
	(NULL, 4, 'Chires'),
	(NULL, 5, 'San Marcos'),
	(NULL, 5, 'San Lorenzo'),
	(NULL, 5, 'San Carlos'),
	(NULL, 6, 'Tarbaca'),
	(NULL, 6, 'Vuelta de Jorco'),
	(NULL, 6, 'San Gabriel'),
	(NULL, 6, 'Tarbaca'),
	(NULL, 6, 'Legua'),
	(NULL, 6, 'Monterrey'),
	(NULL, 6, 'Salitrillos'),
	(NULL, 7, 'Colón'),
	(NULL, 7, 'Guayabo'),
	(NULL, 7, 'Tabarcia'),
	(NULL, 7, 'Piedras Negras'),
	(NULL, 7, 'Picagres'),
	(NULL, 8, 'Guadalupe'),
	(NULL, 8, 'San Francisco'),
	(NULL, 8, 'Calle Blancos'),
	(NULL, 8, 'Mata de Plátano'),
	(NULL, 8, 'Ipís'),
	(NULL, 8, 'Rancho Redondo'),
	(NULL, 8, 'Purral'),
	(NULL, 9, 'Santa Ana'),
	(NULL, 9, 'Salitral'),
	(NULL, 9, 'Pozos'),
	(NULL, 9, 'Uruca'),
	(NULL, 9, 'Piedades'),
	(NULL, 9, 'Brasil'),
	(NULL, 10, 'Alajuelita'),
	(NULL, 10, 'San Josecito'),
	(NULL, 10, 'San Antonio'),
	(NULL, 10, 'Concepción'),
	(NULL, 10, 'San Felipe'),
	(NULL, 11, 'San Isidro'),
	(NULL, 11, 'San Rafael'),
	(NULL, 11, 'Dulce Nombre de Jesús'),
	(NULL, 11, 'Patalillo'),
	(NULL, 11, 'Cascajal'),
	(NULL, 12, 'San Ignacio de Acosta'),
	(NULL, 12, 'Guaitil'),
	(NULL, 12, 'Palmichal'),
	(NULL, 12, 'Cangrejal'),
	(NULL, 12, 'Sabanillas'),
	(NULL, 13, 'San Juan'),
	(NULL, 13, 'Cisco Esquinas'),
	(NULL, 13, 'Anselmo Llorente'),
	(NULL, 13, 'León XIII'),
	(NULL, 13, 'Colima'),
	(NULL, 14, 'San Vicente'),
	(NULL, 14, 'San Jerónimo'),
	(NULL, 14, 'Trinidad'),
	(NULL, 15, 'San Pedro'),
	(NULL, 15, 'Sabanilla'),
	(NULL, 15, 'Mercedes'),
	(NULL, 15, 'San Rafael'),
	(NULL, 16, 'San Pablo'),
	(NULL, 16, 'San Pedro'),
	(NULL, 16, 'San Luis'),
	(NULL, 16, 'Carara'),
	(NULL, 17, 'Santa María'),
	(NULL, 17, 'Jardín'),
	(NULL, 17, 'Copey'),
	(NULL, 18, 'Curridabat'),
	(NULL, 18, 'Granadilla'),
	(NULL, 18, 'Sánchez'),
	(NULL, 18, 'Tirrases'),
	(NULL, 19, 'San Isidro del General'),
	(NULL, 19, 'General'),
	(NULL, 19, 'Daniel Flores'),
	(NULL, 19, 'Rivas'),
	(NULL, 19, 'San Pedro'),
	(NULL, 19, 'Platanares'),
	(NULL, 19, 'Pejibaye'),
	(NULL, 19, 'Cajón'),
	(NULL, 19, 'Barú'),
	(NULL, 19, 'Río Nuevo'),
	(NULL, 19, 'Páramo'),
	(NULL, 20, 'San Pablo'),
	(NULL, 20, 'San Andrés'),
	(NULL, 20, 'Llano Bonito'),
	(NULL, 20, 'San Isidro'),
	(NULL, 20, 'Santa Cruz'),
	(NULL, 20, 'San Antonio'),
	(NULL, 21, 'Alajuela (Centro)'),
	(NULL, 21, 'Río Segundo'),
	(NULL, 22, 'Piedades Norte'),
	(NULL, 23, 'Grecia'),
	(NULL, 24, 'Desmonte'),
	(NULL, 25, 'Concepción'),
	(NULL, 26, 'Palmitos'),
	(NULL, 27, 'Zaragoza'),	
	(NULL, 28, 'Sabana Redonda'),	
	(NULL, 29, 'Mastate'),
	(NULL, 30, 'Ciudad Quesada'),
	(NULL, 31, 'Zarcero'),
	(NULL, 32, 'Toro Amarillo'),
	(NULL, 33, 'Aguas Claras'),
	(NULL, 34, 'Caño Negro'),
	(NULL, 35, 'Buenavista'),
	(NULL, 36, 'Tierra Blanca'),
	(NULL, 36, 'Cartago'),									
	(NULL, 37, 'Santiago'),
	(NULL, 38, 'Tres Ríos'),		
	(NULL, 39, 'Pejibaye'),
	(NULL, 40, 'Turrialba'),		
	(NULL, 41, 'Pacayas'),
	(NULL, 42, 'Cot'),
	(NULL, 43, 'Tejar'),			
	(NULL, 44, 'Heredia'),
	(NULL, 44, 'Mercedes'),
	(NULL, 45, 'San Pedro'),
	(NULL, 46, 'Santo Tomás'),
	(NULL, 47, 'San Juan'),
	(NULL, 48, 'Concepción'),						
	(NULL, 49, 'San Isidro'),
	(NULL, 50, 'San Antonio'),
	(NULL, 51, 'San Joaquín de Flores'),		
	(NULL, 52, 'San Pablo'),
	(NULL, 53, 'Horquetas'),
	(NULL, 54, 'Liberia'),
	(NULL, 55, 'Mansion'),			
	(NULL, 56, 'Cartagena'),	
	(NULL, 57, 'Bagaces'),
	(NULL, 58, 'Sardinal'),		
	(NULL, 59, 'Cañas'),	
	(NULL, 60, 'Colorado'),	
	(NULL, 61, 'Santa Rosa'),
	(NULL, 62, 'Santa Rita'),	
	(NULL, 63, 'La Cruz'),
	(NULL, 64, 'Puerto Carrillo'),	
	(NULL, 65, 'Puntarenas'),
	(NULL, 65, 'Monte Verde'),		
	(NULL, 66, 'Macacona'),
	(NULL, 67, 'Potrero Grande'),
	(NULL, 68, 'Miramar'),			
	(NULL, 69, 'Puerto Cortés'),
	(NULL, 70, 'Quepos'),
	(NULL, 71, 'Puerto Jiménez'),		
	(NULL, 71, 'Golfito'),
	(NULL, 72, 'San Vito'),
	(NULL, 73, 'Parrita'),			
	(NULL, 74, 'Corredor'),
	(NULL, 75, 'Jacó'),		
	(NULL, 76, 'Limón'),	
	(NULL, 76, 'Valle de la Estrella'),	
	(NULL, 77, 'Roxana'),	
	(NULL, 78, 'Siquirres'),	
	(NULL, 79, 'Sixaola'),
	(NULL, 80, 'Batán'),	
	(NULL, 81, 'Pocora'),	
	(null, 82, 'Harbor View'),
	(null, 83, 'Kennington'),
	(null, 83, 'Brixton'),
	(null, 84, 'Bayswater'),
	(null, 84, 'Paddington'),
	(null, 85, 'Flixton'),
	(null, 86, 'Heaton Chapel'),
	(null, 87, 'Caballito'),
	(null, 87, 'Monte Castro'),
	(null, 87, 'San Cristóbal'),
	(null, 88, 'Brooklyn Heights'),
	(null, 88, 'Mapleton'),
	(null, 89, 'Marble Hill'),
	(null, 90, 'Castle Hill'),
	(null, 90, 'Williamsbridge'),
	(null, 91, 'Boyle Heights'),
	(null, 91, 'Chinatown');
	
-- Fuente: http://www.gastroidea.com/wp-content/uploads/2016/05/cervezaperiodica.jpg
INSERT INTO `colorsrm` (`id`, `descripcion`, `porcentaje_inferior`, `porcentaje_superior`) VALUES
	(1, 'Pajizo', 1, 3),
	(2, 'Amarillo', 3, 4.5),
	(3, 'Dorado', 4.5, 7.5),
	(4, 'Ámbar', 7.5, 9),
	(5, 'Ámbar Profundo', 9, 11),
	(6, 'Cobre', 11, 14),
	(7, 'Marrón ligero', 14, 19),
	(8, 'Marrón', 19, 22),
	(9, 'Marrón Oscuro', 22, 30),
	(10, 'Marrón muy oscuro', 30, 35),
	(11, 'Negro', 35, 40),
	(12, 'Negro Opaco', 40, 50);
	
INSERT INTO `tipofermentacion` (`id`, `descripcion`) VALUES
	(1, 'Fermentación Alta'),
	(2, 'Fermentación Baja'),
	(3, 'Fermentación Espontánea'),
	(4, 'Fermentación Mixta');

INSERT INTO `familiacerveza` (`id`, `idTipoFermentacion`, `descripcion`) VALUES
	(1, 4, 'Trigo'),
	(2, 3, 'Lambic y Ales Amargas'),
	(3, 1, 'Belgian Ale'),
	(4, 1, 'Pale Ale'),
	(5, 4, 'English Bitter'),
	(6, 1, 'Scottish Ale'),
	(7, 1, 'Brown Ale'),
	(8, 4, 'Porter'),
	(9, 4, 'Stout'),
	(10, 4, 'Pilsner'),
	(11, 2, 'American Lager'),
	(12, 2, 'European Lager'),
	(13, 4, 'Bock'),
	(14, 4, 'Alt'),
	(15, 1, 'French Ale'),
	(16, 1, 'German Amber Ale'),
	(17, 4, 'American Special'),
	(18, 4, 'Smoked Beer'),
	(19, 4, 'Barley Wine'),
	(20, 1, 'Strong Ale');

INSERT INTO `tipocerveza` (`id`, `idFamilia`, `descripcion`, `cuerpo`) VALUES
	(1, 1, 'Berliner Weisse', 'Ligera'),
	(2, 2, 'Lambic', 'Ligera'),
	(3, 3, 'Belgican Gold Ale', 'Ligera'),
	(4, 1, 'Belgican White', 'Ligera'),
	(5, 2, 'Gueuze', 'Ligera'),
	(6, 3, 'Tripel', 'Ligera'),
	(7, 1, 'American Wheat', 'Ligera'),
	(8, 2, 'Faro', 'Ligera'),
	(9, 3, 'Season', 'Ligera'),
	(10, 4, 'Pale Ale', 'Ligera'),
	(11, 11, 'American Lite', 'Pesada'),
	(12, 12, 'Munich Helles', 'Pesada'),
	(13, 13, 'Helles Bock', 'Pesada'),
	(14, 1, 'Weizenbier', 'Ligera'),
	(15, 2, 'Fruit Beer', 'Ligera'),
	(16, 3, 'Belgican Pale Ale', 'Ligera'),
	(17, 4, 'American Pale Ale', 'Ligera'),
	(18, 5, 'Ordinary Bitter', 'Ligera'),
	(19, 6, 'Scottish Light 60', 'Ligera'),
	(20, 7, 'English Mild', 'Ligera'),
	(21, 9, 'Dry Stout', 'Pesada'),
	(22, 9, 'Foreing Extra Stout', 'Pesada'),
	(23, 10, 'German Pilsner', 'Pesada'),
	(24, 11, 'American Standard', 'Pesada'),
	(25, 12, 'Dortmunder', 'Pesada'),
	(26, 13, 'Doppelbock', 'Pesada'),
	(27, 1, 'Dunkelweizen', 'Ligera'),
	(28, 2, 'Flanders Red', 'Ligera'),
	(29, 3, 'Belgican Dark Ale', 'Ligera'),
	(30, 4, 'Indian Pale Ale', 'Ligera'),
	(31, 5, 'Special Bitter', 'Ligera'),
	(32, 6, 'Scottish Heavy 70', 'Ligera'),
	(33, 7, 'American Brown', 'Ligera'),
	(34, 8, 'Brown Porter', 'Medio'),
	(35, 9, 'Sweet Stout', 'Pesada'),
	(36, 9, 'Imperial Stout', 'Pesada'),
	(37, 10, 'Bohemian Pilsner', 'Pesada'),
	(38, 11, 'American Premium', 'Pesada'),
	(39, 12, 'Munich Dunkel', 'Pesada'),
	(40, 13, 'Traditional Bock', 'Pesada'),
	(41, 1, 'Weizenbock', 'Ligera'),
	(42, 2, 'Oud Bruin', 'Ligera'),
	(43, 3, 'Dubbel', 'Ligera'),
	(44, 4, 'American Amber Ale', 'Ligera'),
	(45, 5, 'Extra Special Bitter', 'Ligera'),
	(46, 6, 'Scottish Export 80', 'Ligera'),
	(47, 7, 'English Brown', 'Ligera'),
	(48, 8, 'Robust Porter', 'Medio'),
	(49, 9, 'Oatmeal Stout', 'Pesada'),
	(50, 9, 'Russian Imperial Stout', 'Pesada'),
	(51, 10, 'American Pilsner', 'Pesada'),
	(52, 11, 'American Dark', 'Pesada'),
	(53, 12, 'Schwarzbier', 'Pesada'),
	(54, 13, 'Eisbock', 'Pesada'),
	(55, 14, 'Kolsch', 'Medio'),
	(56, 15, 'Biere de Garde', 'Medio'),
	(57, 16, 'Oktoberfest', 'Medio'),
	(58, 17, 'Cream Ale', 'Medio'),
	(59, 18, 'Smoked Beer', 'Medio'),
	(60, 20, 'English Old Ale', 'Medio'),
	(61, 14, 'Altbier', 'Medio'),
	(62, 16, 'Vienna', 'Medio'),
	(63, 17, 'Steam Beer', 'Ligera'),
	(64, 19, 'Barleywine', 'Medio'),
	(65, 20, 'Strong Scoth Ale', 'Medio');